first_name,last_name,email,title,city,state,zip,username,password
Reine,Jaze,rjaze0@gmpg.org,Community Outreach Specialist,Albany,New York,12255,rjaze0,ZDg40E
Percy,Gillis,pgillis1@360.cn,Analog Circuit Design manager,Albany,New York,12255,pgillis1,689R1Wf
Janot,Hunnam,jhunnam2@berkeley.edu,Paralegal,Phoenix,Arizona,85099,jhunnam2,hdstzYavL
Pietra,Mityushin,pmityushin3@mysql.com,Engineer II,Erie,Pennsylvania,16510,pmityushin3,Swvw5nfetIq
Bryanty,Riseam,briseam4@jugem.jp,Legal Assistant,Stockton,California,95298,briseam4,w0kKFlR0
Demetre,Goreisr,dgoreisr5@purevolume.com,Software Consultant,Modesto,California,95354,dgoreisr5,lViXosZMG1
Jan,Horick,jhorick6@miibeian.gov.cn,Compensation Analyst,Washington,District of Columbia,20210,jhorick6,SzQMtSk
Leontyne,Teasdale-Markie,lteasdalemarkie7@soup.io,Analog Circuit Design manager,Indianapolis,Indiana,46278,lteasdalemarkie7,ZJ9psmDIfJu
Micky,Ambroix,mambroix8@seattletimes.com,VP Marketing,Miami,Florida,33129,mambroix8,68j5Ce
Duffy,Luckwell,dluckwell9@cdbaby.com,Help Desk Operator,San Francisco,California,94154,dluckwell9,8m4ETODJfifC
Alikee,McGillacoell,amcgillacoella@amazon.com,Technical Writer,Baton Rouge,Louisiana,70836,amcgillacoella,FMqb0utAxeP
Niccolo,Soles,nsolesb@fotki.com,Environmental Tech,Pensacola,Florida,32520,nsolesb,wqf99HVHM2a
Loree,Faircley,lfaircleyc@last.fm,Structural Engineer,Tampa,Florida,33686,lfaircleyc,zL9b3kl4vv
Toiboid,Moretto,tmorettod@smugmug.com,Account Executive,Austin,Texas,78778,tmorettod,2FjPNpO4ATj
Fenelia,Crowcombe,fcrowcombee@altervista.org,Junior Executive,Sacramento,California,95823,fcrowcombee,6JSPMd8
Mead,Reims,mreimsf@ameblo.jp,Executive Secretary,Atlanta,Georgia,30356,mreimsf,GzA2rxdY0NfR
Glynda,Germon,ggermong@123-reg.co.uk,Geological Engineer,Wichita,Kansas,67220,ggermong,5qV0NYuqu
Boote,Rickards,brickardsh@npr.org,Nurse,Des Moines,Iowa,50347,brickardsh,GO4pAb7
Addie,Compson,acompsoni@vimeo.com,Web Developer III,Louisville,Kentucky,40298,acompsoni,I4j8vHKBdJpC
Woody,Sextie,wsextiej@github.com,Database Administrator I,Austin,Texas,78737,wsextiej,wCCd78b4LQ
Torr,Winslet,twinsletk@usatoday.com,Office Assistant III,North Hollywood,California,91616,twinsletk,0nGe0nPIcs
Leonanie,Roseborough,lroseboroughl@freewebs.com,Director of Sales,Lynn,Massachusetts,01905,lroseboroughl,kairTJ1Nf
Di,Farlam,dfarlamm@edublogs.org,Help Desk Operator,Bakersfield,California,93381,dfarlamm,CAizvB
Sly,Caress,scaressn@wired.com,Help Desk Technician,Las Vegas,Nevada,89125,scaressn,QgGH5T
Albrecht,O'Donoghue,aodonoghueo@thetimes.co.uk,Geologist II,Conroe,Texas,77305,aodonoghueo,rPaaJYlMK
Elsey,Piolli,epiollip@xrea.com,Safety Technician II,Kingsport,Tennessee,37665,epiollip,jcPBIWkIa
Bond,Dorton,bdortonq@prweb.com,Chemical Engineer,Saint Louis,Missouri,63110,bdortonq,TeTKWApSrkp
Shoshana,McNeish,smcneishr@ucsd.edu,Desktop Support Technician,Richmond,Virginia,23203,smcneishr,a5tNUy
Mendie,Dagless,mdaglesss@epa.gov,Account Coordinator,Washington,District of Columbia,20319,mdaglesss,tuO4wa
Vikky,Yakebowitch,vyakebowitcht@hubpages.com,Chief Design Engineer,Richmond,Virginia,23289,vyakebowitcht,0qAwso3Q
Dion,Dellow,ddellowu@jalbum.net,Software Engineer I,Columbus,Ohio,43210,ddellowu,BR8WZj
Rudolf,Lowson,rlowsonv@fotki.com,Sales Representative,Orlando,Florida,32859,rlowsonv,UGkeGS389sh
Emilie,Perkin,eperkinw@mysql.com,Database Administrator I,North Little Rock,Arkansas,72199,eperkinw,FOWGuxO3
Olga,Muscat,omuscatx@vk.com,Environmental Specialist,Los Angeles,California,90189,omuscatx,5lTeuJoLK
Damaris,Peasey,dpeaseyy@spotify.com,Sales Representative,Philadelphia,Pennsylvania,19136,dpeaseyy,zwCoS9u
Cirilo,Lingfoot,clingfootz@wunderground.com,Web Designer I,Wichita,Kansas,67220,clingfootz,xZf4vl2swkBN
Robinson,Broggelli,rbroggelli10@kickstarter.com,Senior Financial Analyst,Phoenix,Arizona,85015,rbroggelli10,WdNt2qb4
Rasia,Seargeant,rseargeant11@about.com,Operator,Beaumont,Texas,77705,rseargeant11,UXei2R
Dniren,Fury,dfury12@nbcnews.com,Project Manager,Cleveland,Ohio,44130,dfury12,qcA4g06pG7M8
Gilda,Wildber,gwildber13@indiegogo.com,Director of Sales,Akron,Ohio,44315,gwildber13,yaTJUykXZe
Blane,Tatem,btatem14@stanford.edu,VP Accounting,Colorado Springs,Colorado,80935,btatem14,3Uf2qJyxad
Krysta,Iamittii,kiamittii15@msn.com,Teacher,College Station,Texas,77844,kiamittii15,Ar64i4y2M
Ruprecht,Van Bruggen,rvanbruggen16@dot.gov,Community Outreach Specialist,Montgomery,Alabama,36125,rvanbruggen16,xmwudQwM
Elenore,Sandell,esandell17@webs.com,Product Engineer,Mesquite,Texas,75185,esandell17,oYWQNimKcMB
Rosana,Stigger,rstigger18@mail.ru,Dental Hygienist,Baltimore,Maryland,21290,rstigger18,Db9a6DyW24
Charley,Delia,cdelia19@mlb.com,Director of Sales,Spokane,Washington,99220,cdelia19,2vUrQ51wcot
Stanley,Lidyard,slidyard1a@live.com,GIS Technical Architect,Bozeman,Montana,59771,slidyard1a,6oLvX8sqf0Oe
Belicia,Huertas,bhuertas1b@mlb.com,Sales Associate,Albany,New York,12232,bhuertas1b,P23hIIs
Jacynth,Embleton,jembleton1c@irs.gov,Sales Representative,Birmingham,Alabama,35295,jembleton1c,F7focXp6Tft
Geneva,Berwick,gberwick1d@nih.gov,Programmer II,Herndon,Virginia,22070,gberwick1d,kckmZgzudo
Sharona,Pottery,spottery1e@ning.com,Computer Systems Analyst I,Phoenix,Arizona,85015,spottery1e,NwpT9ody0
Kerwinn,Malden,kmalden1f@desdev.cn,Physical Therapy Assistant,Milwaukee,Wisconsin,53210,kmalden1f,CpHECuU4kMdi
Hedvig,Flacknell,hflacknell1g@github.com,Financial Advisor,Houston,Texas,77010,hflacknell1g,Xw8Rdo3rG
Zane,Pigdon,zpigdon1h@uol.com.br,VP Accounting,Indianapolis,Indiana,46221,zpigdon1h,TGtL2rXinw
Miles,Santora,msantora1i@loc.gov,Associate Professor,New York City,New York,10160,msantora1i,V8jwknOQ
Mel,Dabnor,mdabnor1j@adobe.com,Accounting Assistant III,Cincinnati,Ohio,45228,mdabnor1j,PTxPT3
Opalina,McMurraya,omcmurraya1k@dailymotion.com,Accountant I,Washington,District of Columbia,20226,omcmurraya1k,e1apFbt6
Gabi,Mabe,gmabe1l@mysql.com,Nurse Practicioner,Cleveland,Ohio,44197,gmabe1l,gY5JVNwCjn
Deena,Muspratt,dmuspratt1m@yelp.com,Community Outreach Specialist,Norfolk,Virginia,23514,dmuspratt1m,FWiYkI6YGnRo
Othello,Dosdill,odosdill1n@cyberchimps.com,Staff Accountant IV,Sacramento,California,95823,odosdill1n,VqDT8teh
Bride,MacUchadair,bmacuchadair1o@toplist.cz,Pharmacist,Jacksonville,Florida,32259,bmacuchadair1o,Cvi8b0o
Maxwell,Bispo,mbispo1p@bandcamp.com,VP Product Management,Corona,California,92883,mbispo1p,zmqQpWhXfV
Celia,Braybrooks,cbraybrooks1q@arizona.edu,Pharmacist,Chicago,Illinois,60686,cbraybrooks1q,yUBNzd
Richy,Uren,ruren1r@jimdo.com,Librarian,New Haven,Connecticut,06533,ruren1r,s2v8mMwE6A7F
Maurise,Dooman,mdooman1s@fda.gov,Account Coordinator,Los Angeles,California,90081,mdooman1s,2rW964bbMfo
Alon,Turnell,aturnell1t@ihg.com,Senior Sales Associate,Lafayette,Louisiana,70505,aturnell1t,XA4dK61pTpjD
Burgess,Bratty,bbratty1u@acquirethisname.com,Operator,Jackson,Mississippi,39282,bbratty1u,tiNMlIOKPn
Melisande,Lowthian,mlowthian1v@berkeley.edu,Account Representative III,Saint Petersburg,Florida,33731,mlowthian1v,oOcvt8
Nicko,Tustin,ntustin1w@printfriendly.com,Project Manager,Charleston,West Virginia,25326,ntustin1w,Y6byYgpR
Derek,Altamirano,daltamirano1x@yahoo.com,Health Coach III,Mesa,Arizona,85205,daltamirano1x,sfa8gPm8nfP
Corilla,Cawston,ccawston1y@ihg.com,Administrative Officer,Elmira,New York,14905,ccawston1y,3lDjLvreo
Shirl,Keelin,skeelin1z@cpanel.net,Human Resources Manager,Fort Wayne,Indiana,46852,skeelin1z,NxlvaKPm4Xl
Frederic,Turnock,fturnock20@edublogs.org,Project Manager,Flushing,New York,11388,fturnock20,EDBuZrm
Jeni,Iwaszkiewicz,jiwaszkiewicz21@cafepress.com,Nurse,Shreveport,Louisiana,71105,jiwaszkiewicz21,agnhztbBXqvc
Wilma,Jachtym,wjachtym22@sciencedaily.com,Civil Engineer,Birmingham,Alabama,35215,wjachtym22,EjckI3AbfM
Fanechka,McFadzean,fmcfadzean23@buzzfeed.com,Accounting Assistant IV,Odessa,Texas,79769,fmcfadzean23,WlcLS7ar8
Lurlene,Wardell,lwardell24@histats.com,Structural Engineer,Baltimore,Maryland,21265,lwardell24,Q6pVqh32Q2x
Polly,Feldmann,pfeldmann25@list-manage.com,Software Test Engineer IV,Hicksville,New York,11854,pfeldmann25,SqZIMC2G8zm
Orton,Driscoll,odriscoll26@mediafire.com,Analyst Programmer,Augusta,Georgia,30911,odriscoll26,JqL9RLW0O0t
Hanson,Gillis,hgillis27@barnesandnoble.com,Biostatistician III,Denver,Colorado,80241,hgillis27,50nSi1XDNTAV
Nil,Pomphrey,npomphrey28@state.tx.us,Research Assistant II,Grand Rapids,Michigan,49518,npomphrey28,litF09
Sterne,Feldstein,sfeldstein29@latimes.com,Recruiting Manager,Hialeah,Florida,33013,sfeldstein29,zx4Wv2L5
Maritsa,Seymer,mseymer2a@fda.gov,Quality Control Specialist,Indianapolis,Indiana,46266,mseymer2a,LyT3StSOG
Delaney,Toghill,dtoghill2b@xinhuanet.com,Technical Writer,Huntsville,Alabama,35810,dtoghill2b,VIzJdZ
Delmar,Rubra,drubra2c@aboutads.info,General Manager,Santa Fe,New Mexico,87505,drubra2c,EaNKWMVnD
Lettie,Pylkynyton,lpylkynyton2d@icq.com,Database Administrator III,Washington,District of Columbia,20073,lpylkynyton2d,u9EMsvw
Bondy,Shepton,bshepton2e@phoca.cz,Tax Accountant,Orlando,Florida,32803,bshepton2e,807bvHx2Ipq
Antonino,Bowery,abowery2f@about.me,Biostatistician II,Las Vegas,Nevada,89120,abowery2f,gm0xQ3t0ZRfR
Blakeley,Bellhanger,bbellhanger2g@gov.uk,Technical Writer,Young America,Minnesota,55564,bbellhanger2g,wVS04FH7X8i5
Amie,Gibbetts,agibbetts2h@cafepress.com,Accountant I,Moreno Valley,California,92555,agibbetts2h,EjFPFy
Armstrong,Miquelet,amiquelet2i@epa.gov,Design Engineer,Fairbanks,Alaska,99709,amiquelet2i,rq770zK
Orv,Cesconi,ocesconi2j@sogou.com,Compensation Analyst,Wilmington,Delaware,19886,ocesconi2j,sAmEyQy
Letisha,Zelland,lzelland2k@nyu.edu,Human Resources Assistant II,Jacksonville,Florida,32236,lzelland2k,XxjMErGw
Maxim,Ormesher,mormesher2l@umich.edu,Human Resources Manager,Huntington,West Virginia,25770,mormesher2l,I1AQfw4dHl
Petronella,Stert,pstert2m@shinystat.com,Actuary,Youngstown,Ohio,44555,pstert2m,xZdehfUIwnN1
Hyacinth,Evenett,hevenett2n@psu.edu,Data Coordiator,Pasadena,California,91186,hevenett2n,AYHxe6G2n
Adan,Templar,atemplar2o@alibaba.com,Payment Adjustment Coordinator,Shawnee Mission,Kansas,66225,atemplar2o,lL4baQsxu
Wendel,Gabbitas,wgabbitas2p@nba.com,Research Assistant IV,Rochester,Minnesota,55905,wgabbitas2p,KMMNBm
